,platform,code,indicators
0,HOT-TM,16566,"11.5.3,11.5.1,1.5.1,13.1.1"
1,HOT-TM,11788,
2,HOT-TM,15691,"1.5.1,11.5.1,13.1.1,11.5.3,11.5.2"
3,HOT-TM,17979,
4,HOT-TM,14386,"1.5.1,11.5.1,11.5.2,11.5.3,13.1.1"
5,HOT-TM,18135,"11.5.1,1.5.1,13.1.1,11.5.2,11.5.3"
6,HOT-TM,17727,11.1.1
7,HOT-TM,17897,11.1.1
8,Ushahidi,f88862f1-20df-5453-9c51-38ec7d8ce893,16.1.4
9,Ushahidi,f82cea2b-30e7-5f27-aa69-49ff41acc9e3,
10,Ushahidi,e9ca2832-cf99-5956-a254-7e13ac1e81d8,
11,Mapswipe,-OASfmHx_GgWw0jIEzGw,"1.5.1,11.5.1,13.1.1,11.5.2,11.5.3,3.8.1,1.4.1"
12,Mapswipe,-Nwn2ospLqLGPixZzjqu,11.6.1
13,Mapswipe,-NPLoMfevcxe8qnAs3yk,6.3.2
14,Mapswipe,-NhbfISzxa2V8cpZSRap,"15.1.1,15.4.2,15.3.1"
15,HOT-TM,17143,"13.1.1,11.5.1,11.5.2,1.5.1,11.5.3"
16,HOT-TM,17564,"1.5.1,11.5.1,11.5.2,11.5.3,13.1.1"
17,HOT-TM,17728,
18,HOT-TM,14630,
19,HOT-TM,18100,"1.5.1,11.5.1,13.1.1"
20,HOT-TM,16972,
21,HOT-TM,16742,
22,Mapswipe,-O0zH8KO7JmJIg4HsW2v,
23,HOT-TM,15713,
24,HOT-TM,17901,
25,HOT-TM,18051,
26,Mapswipe,-NgEgGhjiQukm39HPJ1-,"1.5.1,11.5.1,11.5.2,11.5.3,13.1.1"
27,Mapswipe,-OAyqDrl4L7PZNWIB320,"1.5.1,11.5.1,11.5.2,11.5.3,13.1.1"
28,Mapswipe,-NJiwrYyh0arINHACXzo,"1.5.1,11.5.1,11.5.2,11.5.3,13.1.1,3.8.1"
29,Mapswipe,-Nq7_LtaPIdjz2eSVO57,
30,Mapswipe,-NgOmbe5tQAzEUGDUrOm,
31,Mapswipe,-ON_t1ETBDR2H4nqVxiA,"13.1.1,1.5.1,11.5.1,11.5.2,11.5.3"
32,Mapswipe,-NgU5zle3QwMfG48tSoJ,"13.1.1,1.5.1,11.5.1,11.5.2,11.5.3,3.8.1"
33,Mapswipe,-NL_KxfAWiIxKRtyBWjh,"13.1.1,1.5.1,11.5.1,11.5.2,11.5.3"
34,Mapswipe,-NqRxOevNxPRzo5fH104,
35,Mapswipe,-ODugpW7UMCGNvGPvfr8,"13.1.1,11.5.1,11.5.2,11.5.3"
36,Mapswipe,-O0PDKgbCqu6My6wDN4p,"13.1.1,11.5.1,11.5.2,11.5.3"
37,Mapswipe,-N8YsOpo1sHbWztzPfb0,11.1.1
38,Mapswipe,-NMdK_U-FHiBRryhpCjG,"11.5.1,11.5.2,11.5.3,13.1.1"
39,Mapswipe,-NN1r8pIeynQBL8K9N79,"11.5.1,11.5.2,11.5.3,13.1.1"
40,Mapswipe,-Nr1B-YGtcyPBV31JWoX,"11.5.1,11.5.2,11.5.3,13.1.1"
41,Mapswipe,-NN2XRM_QCDmdCQYRRfm,
42,Mapswipe,-NQ5cwxFVm2NYczYdir_,
43,Mapswipe,-MzyOngUT7wLolh_PaiA,
44,Mapswipe,-NQy_-Mvz6bDX0IV_3_g,
45,Mapswipe,-OEOoy69qHuN8VD4TnDX,"1.5.1,11.5.1,11.5.2,11.5.3,13.1.1"
46,Mapswipe,-O0zHIAD8f3ekcG8lN4b,
47,Mapswipe,-NenEnezzP8qUVPcUWvT,"11.5.1,11.5.2,11.5.3,13.1.1"
48,Mapswipe,-OEPVjNasf3fTYJ2_mnX,3.8.1
49,Mapswipe,-NmHieYg3kxzr7ZMAhf5,"1.5.1,11.5.1,11.5.2,11.5.3,13.1.1"
50,Mapswipe,-NP3InpSnSwQbwRHEPA2,
51,Mapswipe,-OC3Pk3HOPzU8Q6ws1t4,
52,Mapswipe,-O1Oc7_QW5vN14RuzeCj,"13.1.1,1.5.1,11.5.1,11.5.2,11.5.3"
53,Mapswipe,-NWHpfmPVI8vi9HP6h1q,
54,Mapswipe,-NXGRRHZDqmxHGffuP3Z,
55,Mapswipe,-O3-EBMW6nYiGcbO7-rM,
56,Mapswipe,-NTs3DgZxNz320efO4Uu,"11.5.1,13.1.1"
57,Mapswipe,-NrMqT93JPPxZ6jSoQ3t,"15.4.1,15.4.2"
58,Mapswipe,-OC8renDGOEuHAw0zxG8,"1.5.1,11.5.1,11.5.2,11.5.3,13.1.1"
59,Mapswipe,-Ndj5zjfc6VaOLipk2lg,
60,Mapswipe,-ODMitxt_O4CxEwwO9dO,"1.5.1,11.5.1,11.5.2,11.5.3,13.1.1"
61,Mapswipe,-NB7i157Hh9WIurVGj3N,3.8.1
62,Mapswipe,-Neo4oUxRUUNrAPxBVnx,"1.5.1,11.5.1,11.5.2,11.5.3,13.1.1"
63,Mapswipe,-NuNyCU9wfMoU_B_Q_Kp,"1.5.1,11.5.1,11.5.2,11.5.3,13.1.1"
64,Mapswipe,-OHIlLSki5X86idj6Jar,
65,Mapswipe,-OL9XxSJZxZRaPsaqynH,"1.5.1,11.5.1,11.5.2,11.5.3,13.1.1"
66,Mapswipe,-NwiD67glnRgTgosfZOD,"1.5.1,11.5.1,13.1.1"
67,Mapswipe,-Nxrl5Rc3G7tL5Jgt3DV,"1.5.1,11.5.1,13.1.1,11.5.2,11.5.3"
68,Mapswipe,-OMqesyYDYGayGWnmYdI,
69,Mapswipe,-O9VjgrBCB-R5pfIsHQy,"1.5.1,11.5.1,11.5.2,11.5.3,13.1.1"
70,Mapswipe,-OIw_NCdcqsMNj7olNzb,"1.5.1,11.5.1,11.5.2,11.5.3,13.1.1"
71,Mapswipe,-NzZ4PtFG5F_OqC74vdv,"1.5.1,11.5.1,11.5.2,11.5.3,13.1.1"
72,Mapswipe,-OJKwVGAVQfSn6FxxEQ6,"3.8.1,1.4.1,11.2.1"
73,Mapswipe,-Nzhao6qaN3vl-LHoMlu,"1.5.1,11.5.1,11.5.2,11.5.3,13.1.1"
74,HOT-TM,14829,
75,HOT-TM,17938,
76,HOT-TM,14621,6.3.2
77,HOT-TM,15608,11.1.1
78,HOT-TM,17127,"13.1.1,11.5.1,1.5.1,11.5.2,11.5.3"
79,HOT-TM,18204,"13.1.1,11.5.1,1.5.1,11.5.2,11.5.3"
80,HOT-TM,14884,
81,HOT-TM,17074,
82,HOT-TM,17660,
83,HOT-TM,9838,"1.5.1,13.1.1,11.5.1,11.5.2,11.5.3"
84,HOT-TM,10431,"1.5.1,13.1.1,11.5.1,11.5.2,11.5.3"
85,HOT-TM,10473,"1.5.1,13.1.1,11.5.1,11.5.2,11.5.3"
86,HOT-TM,10869,"1.5.1,13.1.1,11.5.1,11.5.2,11.5.3"
87,HOT-TM,10967,"1.5.1,13.1.1,11.5.1,11.5.2,11.5.3"
88,HOT-TM,11666,
89,HOT-TM,12017,"1.5.1,13.1.1,11.5.1,11.5.2,11.5.3"
90,HOT-TM,12433,
91,HOT-TM,12506,"1.5.1,11.5.2,11.5.3,11.5.1,13.1.1"
92,HOT-TM,12867,"1.5.1,11.5.2,11.5.3,11.5.1,13.1.1"
93,HOT-TM,13112,1.4.1
94,HOT-TM,13461,"1.5.1,11.5.1,11.5.2,11.5.3,13.1.1"
95,HOT-TM,13593,"1.5.1,11.5.1,11.5.2,11.5.3,13.1.1"
96,HOT-TM,13642,"1.5.1,11.5.1,11.5.2,11.5.3,13.1.1"
97,HOT-TM,13672,"1.5.1,11.5.1,13.1.1"
98,HOT-TM,13680,"1.5.1,11.5.1,13.1.1,11.5.2,11.5.3"
99,HOT-TM,14235,"1.5.1,11.5.1,13.1.1,11.5.2,11.5.3"
100,HOT-TM,14245,"1.5.1,11.5.1,13.1.1,11.5.2,11.5.3"
101,HOT-TM,14497,"1.5.1,11.5.1,13.1.1,1.4.1,11.1.1"
102,HOT-TM,14637,"1.5.1,11.5.1,13.1.1,11.5.2,11.5.3"
103,HOT-TM,14763,"1.5.1,11.5.1,13.1.1,11.5.2,11.5.3"
104,HOT-TM,14791,"1.4.1,3.8.1"
105,HOT-TM,14858,
106,HOT-TM,14977,
107,HOT-TM,14992,"11.5.1,1.5.1,11.5.2,11.5.3,13.1.1"
108,HOT-TM,15227,
109,HOT-TM,15384,"1.5.1,11.5.1,11.5.2,11.5.3,13.1.1"
110,Ushahidi,e43118a5-40f7-5144-85a1-67d8de68e58f,
111,Ushahidi,d9931e89-ebb5-54e1-894a-c8df56fbbc00,
112,Ushahidi,d8607444-3b12-5271-93f5-2d051bc0d1ce,
113,Ushahidi,cc76b2df-b25c-56e2-80f3-1c153310563d,11.2.1
114,Ushahidi,ca30ec8c-e7bf-5445-b43b-2c10cf3f750e,
115,Ushahidi,c9d863e4-5ca0-528f-a52b-4f59f6f0a69c,
116,Ushahidi,c45142c7-f55d-50e5-b340-27e0a92b6dcc,
117,Ushahidi,bdd53c16-436e-57f0-91b9-1038cff9ff57,"1.5.1,11.5.1,11.5.2,11.5.3,13.1.1"
118,Ushahidi,bcee7134-ec08-5e32-9598-375ba228bb72,11.7.1
119,Ushahidi,bbe9eb75-0f3d-5a44-b0a2-72476f5cce6d,
120,Ushahidi,bb5ccbb3-262b-5c5f-a01f-9f959e0576e8,
121,Ushahidi,b7fca347-e660-5aa9-abaf-e4fe2cbeeace,
122,Ushahidi,b54ab377-daa0-5289-b9e3-55e00349af31,"1.5.1,11.5.1,11.5.2,11.5.3,13.1.1"
123,HOT-TM,15438,11.1.1
124,HOT-TM,15468,"11.5.2,11.5.3,1.5.1,11.5.1,13.1.1"
125,HOT-TM,15493,"11.5.2,11.5.3,1.5.1,11.5.1,13.1.1"
126,HOT-TM,15523,"11.5.2,11.5.3,1.5.1,11.5.1,13.1.1"
127,HOT-TM,15527,"11.5.2,11.5.3,1.5.1,11.5.1,13.1.1"
128,HOT-TM,15647,"11.5.2,11.5.3,1.5.1,11.5.1,13.1.1"
129,HOT-TM,15745,"11.5.2,11.5.3,1.5.1,11.5.1,13.1.1"
130,HOT-TM,15797,"11.5.2,11.5.3,1.5.1,11.5.1,13.1.1"
131,HOT-TM,15818,"11.5.2,11.5.3,1.5.1,11.5.1,13.1.1"
132,HOT-TM,15837,"11.5.2,11.5.3,1.5.1,11.5.1,13.1.1"
133,HOT-TM,15843,"11.5.3,11.5.2"
134,HOT-TM,16178,"11.5.3,11.5.2,1.5.1,11.5.1,13.1.1"
135,HOT-TM,16298,"11.5.3,11.5.2,1.5.1,11.5.1,13.1.1"
136,HOT-TM,16507,"11.5.3,11.5.2,1.5.1,11.5.1,13.1.1"
137,HOT-TM,16593,"11.5.3,11.5.2,1.5.1,11.5.1,13.1.1"
138,HOT-TM,16692,"11.5.3,11.5.2,1.5.1,11.5.1,13.1.1"
139,HOT-TM,16697,"11.5.3,11.5.2,1.5.1,11.5.1,13.1.1"
140,HOT-TM,16723,"11.5.3,11.5.2,1.5.1,11.5.1,13.1.1"
141,HOT-TM,16784,"11.5.3,11.5.2,1.5.1,11.5.1,13.1.1"
142,HOT-TM,16914,
143,HOT-TM,17416,"1.5.1,11.5.1,11.5.2,11.5.3,13.1.1"
144,HOT-TM,17598,"1.5.1,11.5.1,11.5.2,11.5.3,13.1.1"
145,HOT-TM,17928,"1.5.1,11.5.1,11.5.2,11.5.3,13.1.1"
146,HOT-TM,17947,"11.5.2,11.5.3"
147,HOT-TM,17974,"11.5.2,11.5.3,1.5.1,11.5.1,13.1.1"
148,HOT-TM,18003,11.1.1
149,HOT-TM,18098,"1.5.1,11.5.1,11.5.2,11.5.3,13.1.1"
150,HOT-TM,18264,"1.5.1,11.5.1,11.5.2,11.5.3,13.1.1"
151,HOT-TM,18314,"1.5.1,11.5.1,11.5.2,11.5.3,13.1.1,3.8.1,1.4.1"
152,HOT-TM,18363,"1.5.1,11.5.1,11.5.2,11.5.3,13.1.1"
153,HOT-TM,18510,"1.5.1,11.5.1,11.5.2,11.5.3,13.1.1"
154,HOT-TM,9036,
155,HOT-TM,9237,
156,HOT-TM,9840,
157,HOT-TM,10059,
158,HOT-TM,10337,
159,HOT-TM,10430,
160,HOT-TM,10521,
161,HOT-TM,10526,"1.5.1,11.5.1,13.1.1"
162,HOT-TM,10777,
163,HOT-TM,10796,
164,HOT-TM,10824,
165,HOT-TM,11092,
166,Ushahidi,b33ed5c1-9571-5881-8f2e-c280248354d0,"1.5.1,11.5.1,13.1.1"
167,Ushahidi,a51eb48e-43b0-5306-b4d7-5a704161b291,
168,Ushahidi,9b04d2b5-e21f-5c90-b008-c08e88eef5ea,
169,Ushahidi,9926584b-5830-595a-a90f-ec74c3eedf8b,
170,Ushahidi,98a1e11f-eb57-5ac7-8b15-11396f5133c4,
171,Ushahidi,973d999b-2408-5f56-bbc4-206f9b35dff1,
172,Ushahidi,94629279-45a1-5453-abe3-4d99ba540506,
173,Ushahidi,937731b3-f538-51c7-9aff-9f916421958c,
174,Ushahidi,92aff492-14e3-50b5-a02e-f7d59d5a1f1f,
175,Ushahidi,91573154-f3b6-56b9-8694-83d317b33e60,
176,Ushahidi,9111961e-bfc5-54af-87d7-4d3cb3232294,
177,Ushahidi,763d2b79-db75-525e-b4cd-d600acae5850,
178,HOT-TM,11224,"1.5.1,11.5.1,11.5.2,11.5.3,13.1.1"
179,HOT-TM,11378,11.6.1
180,HOT-TM,11533,"11.5.2,11.5.3"
181,HOT-TM,11583,"11.5.2,11.5.3"
182,HOT-TM,11596,11.1.1
183,HOT-TM,12001,"1.5.1,11.5.1,11.5.2,11.5.3,13.1.1"
184,HOT-TM,12045,"1.5.1,11.5.1,11.5.2,11.5.3,13.1.1"
185,HOT-TM,12171,"1.5.1,11.5.1,11.5.2,11.5.3,13.1.1"
186,HOT-TM,12385,"1.5.1,11.5.1,11.5.2,11.5.3,13.1.1,3.8.1"
187,HOT-TM,12597,"1.5.1,11.5.1,11.5.2,11.5.3,13.1.1"
188,HOT-TM,13218,
189,HOT-TM,13335,
190,HOT-TM,13399,"1.5.1,11.5.1,11.5.2,11.5.3,13.1.1"
191,HOT-TM,14014,
192,HOT-TM,14105,"1.5.1,11.5.1,11.5.2,11.5.3,13.1.1"
193,HOT-TM,14465,"1.5.1,11.5.1,11.5.2,11.5.3,13.1.1"
194,HOT-TM,14510,
195,HOT-TM,14583,"1.5.1,11.5.1,11.5.2,11.5.3,13.1.1"
196,HOT-TM,14785,"1.5.1,11.5.1,11.5.2,11.5.3,13.1.1"
197,HOT-TM,14833,"1.5.1,11.5.1,11.5.2,11.5.3,13.1.1"
198,HOT-TM,14865,
199,HOT-TM,14920,"1.5.1,11.5.1,13.1.1"
200,HOT-TM,14960,
201,HOT-TM,15235,"1.5.1,11.5.1,11.5.2,11.5.3,13.1.1"
202,HOT-TM,15414,"1.5.1,11.5.1,11.5.2,11.5.3,13.1.1"
203,HOT-TM,15729,
204,HOT-TM,15740,3.8.1
205,HOT-TM,15852,"1.5.1,11.5.1,11.5.2,11.5.3,13.1.1"
206,HOT-TM,15887,"1.5.1,11.5.1,11.5.2,11.5.3,13.1.1"
207,HOT-TM,15952,11.1.1
208,HOT-TM,16174,
209,HOT-TM,16664,
210,HOT-TM,16665,"11.5.2,11.5.3"
211,HOT-TM,16836,
212,HOT-TM,16867,"1.5.1,11.5.1,11.5.2,13.1.1,11.5.3"
213,HOT-TM,17033,"1.5.1,11.5.1,11.5.2,13.1.1,11.5.3"
214,HOT-TM,17269,"1.5.1,11.5.1,11.5.2,13.1.1,11.5.3"
215,HOT-TM,8772,
216,HOT-TM,8816,"1.5.1,11.5.1,13.1.1"
217,HOT-TM,8867,
218,HOT-TM,8884,
219,HOT-TM,8929,
220,HOT-TM,9121,
221,Ushahidi,658d9842-1f21-5bd0-ab1f-8700c0c846b1,"11.5.2,11.5.3"
222,Ushahidi,61dcead0-60cc-5a67-bfd6-cfd0d8b52a00,
223,Ushahidi,5cfc2e25-6a31-53ed-b498-9290bed97917,
224,Ushahidi,5a3167ee-c7cd-5e55-98b3-ad922308e41f,
225,Ushahidi,56273803-dbe9-575b-9bb8-65cbb04f0cb5,"11.6.2,3.9.1"
226,Ushahidi,4d7f72d6-c1ef-577c-bfc3-693c9079e1c4,
227,Ushahidi,49166e09-4b27-5197-81fb-c97b4eb45433,"1.4.1,3.8.1"
228,Ushahidi,48d27109-bf2a-534b-815b-f0e977044d21,
229,Ushahidi,4268f5ae-284a-5670-a92c-e1c62775f42f,
230,Ushahidi,3a814ccb-3488-5e56-a7c5-27e6d62d6e40,
231,Ushahidi,36a8347d-3e2c-5fc0-8e13-ac51644e10c2,
232,Ushahidi,0a40d188-f40b-5621-9754-30902292e9d6,
233,Ushahidi,0630074c-bfff-5110-9a5e-1b67e999779b,
234,HOT-TM,9137,
235,HOT-TM,9146,
236,HOT-TM,9153,
237,HOT-TM,9162,
238,HOT-TM,9252,
239,HOT-TM,9258,"11.5.3,11.5.2"
240,HOT-TM,9317,
241,HOT-TM,9457,
242,HOT-TM,9462,11.1.1
243,HOT-TM,9498,
244,HOT-TM,9521,
245,HOT-TM,9588,
246,HOT-TM,9634,
247,HOT-TM,9642,
248,HOT-TM,9664,15.3.1
249,HOT-TM,9679,
250,HOT-TM,9986,
251,HOT-TM,10048,"1.5.1,11.5.1,11.5.2,11.5.3,13.1.1"
252,HOT-TM,10090,"11.5.2,11.5.3"
253,HOT-TM,10190,
254,HOT-TM,10304,"1.5.1,11.5.1,11.5.2,11.5.3,13.1.1"
255,HOT-TM,10306,
256,HOT-TM,10333,
257,HOT-TM,10335,11.2.1
258,HOT-TM,10425,
259,HOT-TM,10486,
260,HOT-TM,10580,
261,HOT-TM,10622,1.4.1
262,HOT-TM,10625,
263,HOT-TM,10640,
264,HOT-TM,10682,
265,HOT-TM,10688,"2.4.1,5.a.1"
266,HOT-TM,10702,
267,HOT-TM,10761,
268,HOT-TM,10765,
269,HOT-TM,10868,11.1.1
270,HOT-TM,10878,
271,HOT-TM,10919,11.6.1
272,HOT-TM,10977,
273,HOT-TM,10984,"1.5.1,11.5.1,11.5.2,11.5.3,13.1.1"
274,HOT-TM,11044,1.1.1
275,HOT-TM,11052,5.2.2
276,HOT-TM,11053,11.6.1
277,HOT-TM,11203,
278,HOT-TM,11239,
279,HOT-TM,11284,"11.5.2,11.5.3"
280,HOT-TM,11328,
281,HOT-TM,11342,
282,HOT-TM,11360,
283,HOT-TM,11475,
284,HOT-TM,11491,
285,HOT-TM,11606,3.8.1
286,HOT-TM,11657,
287,HOT-TM,11685,
288,HOT-TM,11712,"11.5.2,11.5.3,1.5.1,11.5.1,13.1.1"
289,HOT-TM,11776,11.1.1
290,HOT-TM,11784,
291,HOT-TM,11893,"11.1.1,11.6.1"
292,HOT-TM,11940,"6.1.1,6.2.1"
293,HOT-TM,12032,
294,HOT-TM,12102,"1.5.1,11.5.1,13.1.1"
295,HOT-TM,12131,"1.5.1,11.5.1,13.1.1"
296,HOT-TM,12191,
297,HOT-TM,12323,"11.1.1,6.1.1,6.2.1"
298,HOT-TM,12415,
299,HOT-TM,12468,
300,HOT-TM,12664,
301,HOT-TM,12728,
302,HOT-TM,12839,"1.5.1,11.5.1,11.5.3,11.5.2,13.1.1"
303,HOT-TM,12872,
304,HOT-TM,12997,
305,HOT-TM,13077,"6.1.1,6.2.1"
306,HOT-TM,13108,
307,HOT-TM,13263,1.4.1
308,HOT-TM,13528,
309,HOT-TM,13542,
310,HOT-TM,13544,
311,HOT-TM,13726,
312,HOT-TM,13938,3.8.1
313,HOT-TM,13974,11.1.1
314,HOT-TM,14161,11.1.1
315,HOT-TM,14301,11.1.1
316,HOT-TM,14322,
317,HOT-TM,14397,
318,HOT-TM,14399,
319,HOT-TM,14450,"11.1.1,6.1.1,6.2.1"
320,HOT-TM,14489,11.1.1
321,HOT-TM,14589,
322,HOT-TM,14612,3.8.1
323,HOT-TM,14650,"11.5.2,11.5.3"
324,HOT-TM,14651,"11.5.2,11.5.3,1.5.1,11.5.1,13.1.1"
325,HOT-TM,14659,"6.4.1,6.3.2,6.6.1"
326,HOT-TM,14818,
327,HOT-TM,14859,"1.5.1,11.5.1,11.5.2,11.5.3,13.1.1"
328,HOT-TM,14946,"1.5.1,11.5.1,11.5.2,11.5.3,13.1.1"
329,HOT-TM,15000,"1.5.1,11.5.1,13.1.1"
330,HOT-TM,15214,"1.5.1,11.5.1,13.1.1,11.5.2,11.5.3"
331,HOT-TM,15224,11.1.1
332,HOT-TM,15295,"11.5.1,1.5.1,13.1.1,11.5.2,11.5.3"
333,HOT-TM,15421,
334,HOT-TM,15464,
335,HOT-TM,15561,
336,HOT-TM,15689,"11.5.2,1.5.1,11.5.1,11.5.3,13.1.1"
337,HOT-TM,15747,"11.5.2,1.5.1,11.5.1,11.5.3,13.1.1"
338,HOT-TM,15756,"11.5.2,1.5.1,11.5.1,11.5.3,13.1.1"
339,HOT-TM,15812,
340,HOT-TM,15904,"1.5.1,11.5.1,11.5.2,11.5.3,13.1.1"
341,HOT-TM,15960,
342,HOT-TM,15996,"1.5.1,11.5.1,13.1.1,11.5.2,11.5.3"
343,HOT-TM,16074,11.6.1
344,HOT-TM,16127,
345,HOT-TM,16177,
346,HOT-TM,16318,
347,HOT-TM,16470,
348,HOT-TM,16496,
349,HOT-TM,16504,"1.5.1,11.5.1,11.5.2,11.5.3,13.1.1"
350,HOT-TM,16528,"1.5.1,11.5.1,11.5.2,11.5.3,13.1.1,11.7.1"
351,HOT-TM,16529,"1.5.1,11.5.1,13.1.1"
352,HOT-TM,16543,
353,HOT-TM,16688,"1.5.1,11.5.1,13.1.1"
354,HOT-TM,16730,"1.5.1,11.5.1,13.1.1,11.5.2,11.5.3"
355,HOT-TM,16774,"1.5.1,11.5.1,13.1.1,11.5.2,11.5.3"
356,HOT-TM,16877,
357,HOT-TM,16922,"1.5.1,11.5.1,13.1.1,11.5.2,11.5.3"
358,HOT-TM,17086,
359,HOT-TM,17290,11.1.1
360,HOT-TM,17335,"1.5.1,11.5.1,13.1.1"
361,HOT-TM,17382,"1.5.1,11.5.1,13.1.1,11.5.2,11.5.3"
362,HOT-TM,17394,11.1.1
363,HOT-TM,17543,
364,HOT-TM,17931,
365,HOT-TM,18029,
366,HOT-TM,18072,
367,HOT-TM,18134,"1.5.1,11.5.1,11.5.2,11.5.3,13.1.1"
368,HOT-TM,18399,"1.5.1,11.5.1,11.5.2,11.5.3,13.1.1"
369,HOT-TM,18429,"1.5.1,11.5.1,11.5.2,11.5.3,13.1.1"
370,HOT-TM,18511,"11.7.1,6.1.1,6.4.1,6.2.1"
371,HOT-TM,8761,
372,HOT-TM,8784,
373,HOT-TM,8819,
374,HOT-TM,8823,11.1.1
375,HOT-TM,8963,"1.5.1,11.5.1,11.5.2,11.5.3,13.1.1"
376,HOT-TM,8967,
377,HOT-TM,9024,
378,HOT-TM,9069,6.3.2
379,HOT-TM,9164,"1.5.1,11.5.1,11.5.2,11.5.3,13.1.1"
380,HOT-TM,9178,"1.5.1,11.5.1,11.5.2,11.5.3,13.1.1"
381,HOT-TM,9184,
382,HOT-TM,9303,
383,HOT-TM,9334,"1.5.1,11.5.1,13.1.1"
384,HOT-TM,9374,"1.5.1,11.5.1,13.1.1,11.5.2,11.5.3"
385,HOT-TM,9405,"1.5.1,11.5.1,13.1.1,11.5.2,11.5.3"
386,HOT-TM,9406,"1.5.1,11.5.1,13.1.1,11.5.2,11.5.3"
387,HOT-TM,9449,
388,HOT-TM,9470,"1.5.1,11.5.1,11.5.2,11.5.3,13.1.1"
389,HOT-TM,9471,
390,HOT-TM,9473,"1.5.1,11.5.1,11.5.2,11.5.3,13.1.1"
391,HOT-TM,9541,"1.5.1,11.5.1,11.5.2,11.5.3,13.1.1"
392,HOT-TM,9578,"1.5.1,11.5.1,11.5.2,11.5.3,13.1.1"
393,HOT-TM,9677,"1.5.1,11.5.1,11.5.2,11.5.3,13.1.1"
394,HOT-TM,9714,
395,HOT-TM,9716,"11.5.2,11.5.3"
396,HOT-TM,9722,"11.5.2,11.5.3,11.5.1,1.5.1,13.1.1"
397,HOT-TM,9734,"11.5.2,11.5.3,11.5.1,1.5.1,13.1.1"
398,HOT-TM,9765,"11.5.2,11.5.3,11.5.1,1.5.1,13.1.1"
399,HOT-TM,9771,11.1.1
400,HOT-TM,9786,"1.5.1,11.5.1,11.5.2,11.5.3,13.1.1"
401,HOT-TM,9844,"1.5.1,11.5.1,11.5.2,11.5.3,13.1.1"
402,HOT-TM,9887,3.8.1
403,HOT-TM,9894,"1.5.1,11.5.1,13.1.1"
404,HOT-TM,9898,"1.5.1,11.5.1,13.1.1,11.5.2,11.5.3"
405,HOT-TM,9932,11.1.1
406,HOT-TM,9935,11.1.1
407,HOT-TM,10076,
408,HOT-TM,10133,"2.4.1,5.a.1"
409,HOT-TM,10198,
410,HOT-TM,10296,
411,HOT-TM,10318,
412,HOT-TM,10332,
413,HOT-TM,10358,
414,HOT-TM,10359,11.1.1
415,HOT-TM,10384,
416,HOT-TM,10453,
417,HOT-TM,10637,
418,HOT-TM,10645,
419,HOT-TM,10655,11.1.1
420,HOT-TM,10659,11.1.1
421,HOT-TM,10669,11.1.1
422,HOT-TM,10694,
423,HOT-TM,10810,"1.5.1,11.5.1,13.1.1"
424,HOT-TM,10864,
425,HOT-TM,10933,"6.3.2,11.7.1"
426,HOT-TM,10938,
427,HOT-TM,10942,
428,HOT-TM,11010,11.1.1
429,HOT-TM,11017,11.1.1
430,HOT-TM,11039,"1.5.1,11.5.1,11.5.2,11.5.3,13.1.1"
431,HOT-TM,11082,
432,HOT-TM,11146,"1.5.1,11.5.1,13.1.1"
433,HOT-TM,11187,11.1.1
434,HOT-TM,11256,
435,HOT-TM,11264,
436,HOT-TM,11265,"1.5.1,11.5.1,13.1.1"
437,HOT-TM,11266,"1.5.1,11.5.1,13.1.1"
438,HOT-TM,11325,"1.5.1,11.5.1,13.1.1"
439,HOT-TM,11343,
440,HOT-TM,11356,
441,HOT-TM,11409,
442,HOT-TM,11413,
443,HOT-TM,11460,11.1.1
444,HOT-TM,11760,"1.5.1,11.5.1,13.1.1"
445,HOT-TM,11778,
446,HOT-TM,11805,
447,HOT-TM,11813,"6.1.1,6.2.1"
448,HOT-TM,11814,"6.1.1,6.2.1"
449,HOT-TM,11817,11.1.1
450,HOT-TM,11899,
451,HOT-TM,11901,"1.5.1,11.5.1,13.1.1"
452,HOT-TM,11908,
453,HOT-TM,11964,
454,HOT-TM,11974,
455,HOT-TM,11978,
456,HOT-TM,11980,"1.5.1,11.5.1,13.1.1,11.5.2,11.5.3"
457,HOT-TM,11995,
458,HOT-TM,12000,
459,HOT-TM,12033,
460,HOT-TM,12034,
461,HOT-TM,12038,"1.5.1,11.5.1,13.1.1"
462,HOT-TM,12055,
463,HOT-TM,12080,"1.5.1,11.5.1,13.1.1"
464,HOT-TM,12086,
465,HOT-TM,12179,11.1.1
466,HOT-TM,12233,4.5.1
467,HOT-TM,12256,11.1.1
468,HOT-TM,12359,
469,HOT-TM,12405,
470,HOT-TM,12466,
471,HOT-TM,12493,
472,HOT-TM,12515,11.1.1
473,HOT-TM,12602,"1.5.1,11.5.1,13.1.1"
474,HOT-TM,12614,
475,HOT-TM,12683,
476,HOT-TM,12685,
477,HOT-TM,12753,
478,HOT-TM,12956,
479,HOT-TM,13146,11.1.1
480,HOT-TM,13209,
481,HOT-TM,13429,"1.5.1,11.5.1,13.1.1"
482,HOT-TM,13477,
483,HOT-TM,13508,
484,HOT-TM,13533,"1.5.1,11.5.1,11.5.2,11.5.3,13.1.1"
485,HOT-TM,13553,"6.1.1,6.2.1"
486,HOT-TM,13613,"1.5.1,11.5.1,13.1.1"
487,HOT-TM,13626,"1.5.1,11.5.1,13.1.1"
488,HOT-TM,13702,
489,HOT-TM,13745,
490,HOT-TM,13816,
491,HOT-TM,13831,
492,HOT-TM,13834,
493,HOT-TM,13947,
494,HOT-TM,14175,
495,HOT-TM,14218,"1.5.1,11.5.1,11.5.2,11.5.3,13.1.1"
496,HOT-TM,14357,16.1.4
497,HOT-TM,14403,
498,HOT-TM,14413,
499,HOT-TM,14445,"1.5.1,11.5.1,13.1.1"
500,HOT-TM,14519,
501,HOT-TM,14594,
502,HOT-TM,14786,
503,HOT-TM,14790,
504,HOT-TM,14993,
505,HOT-TM,14996,
506,HOT-TM,15262,"1.5.1,11.5.1,13.1.1"
507,HOT-TM,15519,
508,HOT-TM,15601,"1.5.1,11.5.1,11.5.2,11.5.3,13.1.1,6.3.2"
509,HOT-TM,15638,
510,HOT-TM,15757,
511,HOT-TM,15946,
512,HOT-TM,16064,
513,HOT-TM,16136,1.4.1
514,HOT-TM,16149,
515,HOT-TM,16180,"1.5.1,11.5.1,11.5.2,11.5.3,13.1.1"
516,HOT-TM,16268,"1.5.1,11.5.1,13.1.1,11.5.2,11.5.3"
517,HOT-TM,16498,"1.5.1,11.5.1,13.1.1,11.5.2,11.5.3"
518,HOT-TM,16940,
519,HOT-TM,17089,
520,HOT-TM,17259,
521,HOT-TM,17377,"1.5.1,11.5.1,13.1.1,11.5.2,11.5.3"
522,HOT-TM,17390,"1.5.1,11.5.1,13.1.1,11.5.2,11.5.3"
523,HOT-TM,17400,11.1.1
524,HOT-TM,17589,11.1.1
525,HOT-TM,18274,15.1.1
526,HOT-TM,18481,
527,HOT-TM,18375,"1.5.1,11.5.1,13.1.1"
528,HOT-TM,16348,
529,HOT-TM,18607,11.1.1
530,HOT-TM,14392,"1.5.1,11.5.1,13.1.1,6.3.2"
531,HOT-TM,16949,"1.5.1,11.5.1,13.1.1"
532,HOT-TM,18573,"1.5.1,11.5.1,13.1.1,11.5.3,11.5.2"
533,HOT-TM,10978,3.8.1
534,HOT-TM,11336,9.1.1
535,HOT-TM,13652,
536,HOT-TM,14947,"9.1.1,11.5.3"
537,HOT-TM,9135,
538,HOT-TM,9352,
539,HOT-TM,10549,"1.5.1,11.5.1,11.5.2,11.5.3,13.1.1"
540,HOT-TM,11687,
541,HOT-TM,12751,11.5.3
542,HOT-TM,14975,
543,HOT-TM,15357,
544,HOT-TM,8766,"1.5.1,11.5.1,13.1.1"
545,HOT-TM,8771,"1.5.1,11.5.1,13.1.1"
546,HOT-TM,9068,"1.5.1,11.5.1,13.1.1,3.8.1,1.4.1"
547,HOT-TM,9691,
548,HOT-TM,9780,"1.5.1,11.5.1,13.1.1"
549,HOT-TM,10571,"6.3.2,9.c.1,15.1.1"
550,HOT-TM,11084,
551,HOT-TM,11856,
552,HOT-TM,11879,
553,HOT-TM,11922,
554,HOT-TM,12087,"1.5.1,11.5.1,13.1.1"
555,HOT-TM,12315,
556,HOT-TM,13617,
557,HOT-TM,16826,
558,Ushahidi,56227a19-c88e-5343-ad8e-2a70f3e7f653,16.1.4
559,HOT-TM,15034,
560,Mapswipe,-OBzxV5N5CTy176ffgqj,
561,HOT-TM,18523,
562,HOT-TM,15306,
563,HOT-TM,17488,
564,HOT-TM,15351,"1.5.1,11.5.1,13.1.1"
565,HOT-TM,15352,"11.5.1,1.5.1,13.1.1"
566,HOT-TM,16481,"11.5.1,1.5.1,13.1.1"
567,HOT-TM,17158,"11.5.1,1.5.1,13.1.1,11.5.2,11.5.3"
568,HOT-TM,18244,"11.5.1,1.5.1,13.1.1"
569,HOT-TM,9326,
570,HOT-TM,9468,
571,HOT-TM,9912,
572,HOT-TM,10189,
573,HOT-TM,11894,
574,HOT-TM,12615,
575,HOT-TM,13556,
576,HOT-TM,13845,11.1.1
577,HOT-TM,13941,11.1.1
578,HOT-TM,13998,11.1.1
579,HOT-TM,14103,3.8.1
580,HOT-TM,14546,
581,HOT-TM,14689,3.8.1
582,HOT-TM,15060,"11.1.1,3.8.1"
583,HOT-TM,15524,
584,HOT-TM,15956,11.1.1
585,HOT-TM,16122,"1.5.1,11.5.1,11.5.2,11.5.3,13.1.1,6.3.2,6.6.1"
586,HOT-TM,16297,"3.8.1,11.1.1"
587,HOT-TM,16727,"1.5.1,11.5.1,13.1.1"
588,HOT-TM,17626,
589,HOT-TM,9922,3.8.1
590,HOT-TM,11306,3.8.1
591,HOT-TM,11353,"1.5.1,11.5.1,13.1.1"
592,HOT-TM,11655,"3.8.1,11.5.1,1.5.1,11.5.2,11.5.3,13.1.1"
593,HOT-TM,11749,
594,HOT-TM,12073,
595,HOT-TM,12101,"1.4.1,11.7.1,11.2.1"
596,HOT-TM,12167,
597,HOT-TM,12467,
598,HOT-TM,12514,
599,HOT-TM,12529,
600,HOT-TM,12888,"1.5.1,11.5.1,11.5.2,11.5.3,13.1.1"
601,HOT-TM,13803,6.3.2
602,HOT-TM,14210,3.8.1
603,HOT-TM,14266,
604,HOT-TM,14446,
605,HOT-TM,14902,"1.5.1,11.5.1,11.5.2,11.5.3,13.1.1"
606,HOT-TM,15400,
607,HOT-TM,15707,
608,HOT-TM,15731,"1.5.1,11.5.1,11.5.2,11.5.3,13.1.1"
609,Mapswipe,-OBR_lLNUfN6Y3IyvW27,15.3.1
610,HOT-TM,15814,
611,HOT-TM,15883,
612,HOT-TM,16062,
613,HOT-TM,16236,
614,HOT-TM,17052,"1.5.1,11.5.1,11.5.2,11.5.3,13.1.1"
615,HOT-TM,8762,
616,HOT-TM,8780,
617,HOT-TM,8791,
618,HOT-TM,8843,
619,HOT-TM,8961,
620,HOT-TM,9070,
621,HOT-TM,9191,
622,HOT-TM,9200,
623,HOT-TM,9201,
624,HOT-TM,9202,
625,HOT-TM,9203,
626,HOT-TM,9204,
627,HOT-TM,9262,
628,HOT-TM,9263,
629,HOT-TM,9264,
630,HOT-TM,9265,
631,HOT-TM,9266,
632,HOT-TM,9267,
633,HOT-TM,9268,
634,HOT-TM,9273,
635,HOT-TM,9306,
636,HOT-TM,9338,
637,HOT-TM,9341,"1.5.1,11.5.1,13.1.1"
638,HOT-TM,9349,
639,HOT-TM,9404,
640,HOT-TM,9407,"1.5.1,11.5.1,13.1.1"
641,HOT-TM,9409,"1.5.1,11.5.1,13.1.1"
642,HOT-TM,9456,"1.5.1,11.5.1,13.1.1"
643,HOT-TM,9472,"1.5.1,11.5.1,13.1.1"
644,HOT-TM,9502,
645,HOT-TM,9529,
646,HOT-TM,9530,
647,HOT-TM,9568,"1.5.1,11.5.1,13.1.1"
648,HOT-TM,9741,
649,HOT-TM,9745,
650,HOT-TM,9746,
651,HOT-TM,9747,
652,HOT-TM,9975,11.1.1
653,HOT-TM,10075,
654,HOT-TM,10077,
655,HOT-TM,10078,
656,HOT-TM,10079,
657,HOT-TM,10193,
658,HOT-TM,10195,
659,HOT-TM,10201,
660,HOT-TM,10202,
661,HOT-TM,10206,
662,HOT-TM,10207,
663,HOT-TM,10210,
664,HOT-TM,10211,
665,HOT-TM,10212,
666,HOT-TM,10365,
667,HOT-TM,10367,
668,HOT-TM,10371,
669,HOT-TM,10396,
670,HOT-TM,10456,"1.5.1,11.5.1,13.1.1"
671,HOT-TM,10752,"1.5.1,11.5.1,13.1.1"
672,HOT-TM,10837,
673,HOT-TM,11011,
674,HOT-TM,11040,11.1.1
675,HOT-TM,11151,"1.5.1,11.5.1,13.1.1"
676,HOT-TM,11157,"1.5.1,11.5.1,13.1.1"
677,HOT-TM,11188,"1.5.1,11.5.1,13.1.1"
678,HOT-TM,11199,"1.5.1,11.5.1,13.1.1"
679,HOT-TM,11201,"1.5.1,11.5.1,13.1.1"
680,HOT-TM,11202,"1.5.1,11.5.1,13.1.1"
681,HOT-TM,11357,
682,HOT-TM,11722,"1.5.1,11.5.1,3.8.1,13.1.1"
683,HOT-TM,11935,"1.5.1,11.5.1,13.1.1"
684,HOT-TM,12382,
685,HOT-TM,12472,
686,HOT-TM,12495,3.8.1
687,HOT-TM,12533,11.1.1
688,HOT-TM,12589,11.1.1
689,HOT-TM,12745,1.4.1
690,HOT-TM,12953,11.1.1
691,HOT-TM,13050,"1.5.1,11.5.1,13.1.1,11.5.3"
692,HOT-TM,13110,"1.5.1,11.5.1,13.1.1,11.5.3,11.5.2"
693,HOT-TM,13170,"1.5.1,11.5.1,13.1.1,11.5.3,11.5.2"
694,HOT-TM,13404,"1.5.1,11.5.1,13.1.1,11.5.3,11.5.2"
695,HOT-TM,14242,"1.5.1,11.5.1,13.1.1,11.5.3,11.5.2"
696,HOT-TM,14297,"1.5.1,11.5.1,13.1.1,11.5.3,11.5.2"
697,HOT-TM,14483,"1.5.1,11.5.1,11.5.2,11.5.3,13.1.1"
698,HOT-TM,14513,"1.5.1,11.5.1,11.5.2,11.5.3,13.1.1"
699,HOT-TM,14856,
700,HOT-TM,15170,"1.5.1,11.5.1,11.5.2,11.5.3,13.1.1"
701,HOT-TM,15253,
702,HOT-TM,15277,11.1.1
703,HOT-TM,15690,
704,HOT-TM,15813,
705,HOT-TM,15879,3.9.1
706,HOT-TM,16151,"1.5.1,11.5.1,11.5.2,11.5.3,13.1.1"
707,HOT-TM,16187,
708,HOT-TM,16194,
709,HOT-TM,17263,11.1.1
710,Mapswipe,-OIRKc74fnPI0sjcIe6a,11.1.1
711,Mapswipe,-MywleaDGEAyoRXRSiqb,
712,Mapswipe,-Nhg8fk6P9hBSGTRZxmk,
713,Mapswipe,-NjD5njYcAhgrX60XX3F,"1.5.1,11.5.1,13.1.1"
714,Mapswipe,-OC03TTFvWHdl-aKivNQ,3.8.1
715,Mapswipe,-NOigUUKbWDPoJQaErIv,
716,Mapswipe,-OEJrs09tcmfWeGirG-Q,"15.3.1,15.4.2"
717,Mapswipe,-OC3zl1Vu0iSwcxV5_Sk,
718,Mapswipe,-NV-HkUl14RwlJCc-g7b,3.8.1
719,Mapswipe,-MzLVmLMLkE-cT69Zz40,3.8.1
720,Mapswipe,-OCnfBj1V-DYsE75nUSV,3.8.1
721,Mapswipe,-NAtPyDmoriut7S6fC3I,3.8.1
722,Mapswipe,-NchJmHCZ94EqX_FDngl,3.8.1
723,Mapswipe,-NvCWkpQTr9nRUDBnnMM,"1.5.1,11.5.1,13.1.1"
724,Mapswipe,-O7iH0reW39KK8S5KBzC,
725,Mapswipe,-NxrK9F1N5d0NDUpnGXF,"1.5.1,11.5.1,13.1.1"
726,HOT-TM,9199,"1.5.1,11.5.1,13.1.1"
